{"lines":[["I can feel my elbows cracking,","0:10.495"],["as I raise my two hands up","0:15.893"],["into the grip of the sky that bends to take me","0:20.105"],["\t\tand ensures that I grow","0:26.041"],[""],["When I find it hard to be thankful","0:31.211"],["\t\t& harder than I should to have hope","0:41.168"],[""],["When I find it hard to be grateful","0:51.317"],["\t\tfor the grace I have been touched with.","1:01.848"],[""],["I can feel my lip skin cracking","1:11.997"],["where my mouth has been pried open","1:17.167"],["in total awe of the force that runs right through me","1:21.571"],["\t\t\t\t\tand ensures that I grow","1:27.698"],[""],["When I find it hard to be thankful","1:32.868"],["\t\t& harder than I should to stay grateful","1:42.059"],[""],["When I find it hard to be thankful","1:53.165"],["\t\t\t\t& to stay grateful.","2:03.122"]],"file":"thankful.mp3","title":"Thankful","extended_title":"I Find It Hard to be Thankful","date":"Summer, 2018"}