{"lines":[["I feel at home when i'm smiling,"],["\tlike something's living in the gaps between my teeth,"],["some small joyful creature,"],["\twho when i am in good cheer is happy just to breathe."],[""],["So listen to the words,"],["\tthat might spill from my lips in the middle of my sleep."],["It won't say something i don't mean,"],["\teven from the depths of some unbelievable dream."],[""],["\"Wear life like a beautiful dress,\""],["\tFeel the day pleat and unfurl against your legs."],["\"Wear life like a beautiful dress.\""],["\tTie great pearls of joy in a string around your neck."],[""],["Don't try to understand it,"],["\tsome meanings you don't have to know to have something to glean."],["Like the sole of calf's foot,"],["\tstraight and sparkling like burnished brass."],[""],["When i was in a country church,"],["\ti put my hands together and hear my thoughts rebound off the stone."],["In the chaos i find God,"],["\teversplendent multitudes like the birds singing from outside."],[""],["Their song echos goodness,"],["\teverything sounds pure to me, and then i realise,"],["that there is no guidance in God."],["\tOnly the world unfolding as it appears to me."],[""],["Now i pray with my eyes open,"],["\ti see a heron in the midflight, high above the woods."],["It could be nothing else,"],["\tthan a spirit somehow not part of this world."],[""],["And if God's in everything,"],["\tthere can be no false idols, or idol worshipping."],["So i take a moment to thank the heron there,"],["\tfor blessing me with it's perfect self."],[""],["Maybe that's what angels are,"],["\tpeople who've died and left their imperfections behind."],["Besides, we have no better shield,"],["\tthan our arms wide open to the goodness when it yields."],[""],["So wear life like a beautiful dress,"],["\tenjoy the feeling at every chance you get,"],["to see life at it's beautiful best,"],["\tdon't focus on the blackness that hasn't got you yet."]],"extended_title":"Wear Life Like a Beautiful Dress","date":"Autumn, 2020","history":{"0":{"lines":[["Don't look at me when i'm smiling,"],["\tbecause i'm scared there's something in my teeth,"],["like some veiléd fury,"],["\tand you'll see me snarling like some uncontrollable beast."],null,["Don't listen to the words,"],["\tthat i might speak when i'm in the middle of my sleep."],["I might say something i don't mean"],["\twhen i'm in the depths of some disingenuous dream."],null,null,null,null,null,null,null,null,null,null,null,null,null,null,null,null,null,null,null,null,null,null,null,null,null,null,null,null,null,null,null,null,null,null,null,null,null,null,null,null]}}}