{"lines":[["You've got a goddamn sexy look in your eye,","0:00.000"],["\tthat defies two thousand years of trying to civilise me.","0:06.703"],["You've got a crazy taste on your tongue,","0:13.405"],["\tjust like the allium that sprouted from where the devil stepped out of heaven.","0:20.108"],["\t"],["You have a wildness showing in your hair,","0:26.810"],["\tthat reminds me my God is a wild animal, not a pet that i can tame.","0:33.513"],["She roams free and i must chase her,","0:40.216"],["\ttrack her down when my faith grows complacent.","0:46.918"],["\t"],["We wash our selves in a mountain lake,","0:53.621"],["\tthen get out and dry in the sun and you run your hands through my hair.","1:00.323"],["Leave a tuft stuck out of each side,","1:07.026"],["\tso even though i feel baptised it looks like two horns there forever.","1:13.728"],["\t"],["And i attain to a purity,","1:20.431"],["\tso i can present myself naked and unguarded, in front of wild women,","1:27.134"],["baring steak knives held up high,","1:33.836"],["\tbut they leave me unscathed after seeing themselves reflected in my eye.","1:40.539"],["\t"],["I think that you should embrace me,","1:47.241"],["\tbecause i won't fall apart if i have your strong arms around me.","1:53.944"],["The more i see of your wild side,","2:00.647"],["\tthe more i want you to be my– and i be your– ever-loving bride.","2:07.349"],["\t"],["Whatever that means, ","2:14.052"],["\tbecause you, my God, are a wild animal.","2:20.754"],["Whatever that means, ","2:27.457"],["\t\t\t\t\t\t\t\tbecause you, my God, are a wild animal.","2:34.159"]],"file":"wild animal.mp3","title":"Wild Animal","extended_title":"My God is a Wild Animal","date":"Autumn, 2019"}